timestamp,zip_code,run_duration_seconds,offers_fetched,history_inserted,current_replaced
2026-04-01 16:21:47,9000,1.55,703,703,703
2026-04-01 16:48:03,9000,1.65,721,721,721
2026-04-01 16:49:26,9000,1.35,721,721,721
2026-04-01 16:51:46,9000,13.69,721,721,721
2026-04-01 17:00:03,9000,1.66,721,721,721
2026-04-01 17:15:03,9000,1.58,716,716,716
2026-04-01 17:32:49,9000,2.72,713,713,713
2026-04-01 17:45:02,9000,1.48,713,713,713
2026-04-01 18:14:32,9000,1.46,711,711,711
2026-04-01 18:15:03,9000,1.34,711,711,711
2026-04-01 18:30:06,9000,4.89,727,727,727
2026-04-01 18:45:03,9000,1.27,727,727,727
2026-04-01 19:00:02,9000,1.37,741,741,741
2026-04-01 19:15:10,9000,8.21,733,733,733
2026-04-01 19:30:02,9000,1.14,733,733,733
2026-04-01 19:45:03,9000,1.45,725,725,725
2026-04-01 20:00:02,9000,1.06,725,725,725
2026-04-01 20:15:02,9000,1.51,717,717,717
2026-04-01 20:30:03,9000,1.5,705,705,705
2026-04-01 20:45:03,9000,1.48,705,705,705
2026-04-01 21:00:02,9000,1.2,700,700,700
2026-04-01 21:30:03,9000,1.41,689,689,689
2026-04-01 21:45:02,9000,1.26,689,689,689
2026-04-02 04:00:03,9000,1.42,621,621,621
2026-04-02 04:15:02,9000,1.13,621,621,621
2026-04-02 04:30:03,9000,1.43,621,621,621
2026-04-02 04:45:02,9000,1.29,621,621,621
2026-04-02 05:00:02,9000,1.23,621,621,621
2026-04-02 05:15:04,9000,2.57,621,621,621
2026-04-02 05:30:03,9000,2.02,621,621,621
2026-04-02 05:45:02,9000,1.68,621,621,621
2026-04-02 06:00:03,9000,1.81,621,621,621
2026-04-02 06:15:02,9000,1.26,618,618,618
2026-04-02 06:30:04,9000,2.06,617,617,617
2026-04-02 06:45:02,9000,1.23,617,617,617
2026-04-02 07:00:03,9000,1.24,632,632,632
2026-04-02 07:15:18,9000,16.52,629,629,629
2026-04-02 07:30:02,9000,1.21,629,629,629
2026-04-02 07:45:02,9000,1.1,615,615,615
2026-04-02 08:00:02,9000,1.46,615,615,615
2026-04-02 08:15:03,9000,1.53,638,638,638
2026-04-02 08:30:03,9000,1.23,638,638,638
2026-04-02 08:45:02,9000,1.3,627,627,627
2026-04-02 09:00:03,9000,1.43,627,627,627
2026-04-02 09:15:03,9000,1.36,627,627,627
2026-04-02 09:30:02,9000,0.95,626,626,626
2026-04-02 09:45:03,9000,1.4,630,630,630
2026-04-02 10:00:02,9000,1.1,630,630,630
2026-04-02 10:15:03,9000,1.71,628,628,628
2026-04-02 10:30:03,9000,1.22,628,628,628
2026-04-02 10:45:02,9000,1.22,624,624,624
2026-04-02 11:00:03,9000,1.22,619,619,619
2026-04-02 11:15:15,9000,13.43,619,619,619
2026-04-02 11:30:02,9000,1.3,604,604,604
2026-04-02 11:45:03,9000,1.31,602,602,602
2026-04-02 12:00:02,9000,1.21,602,602,602
2026-04-02 12:15:03,9000,1.25,609,609,609
2026-04-02 12:30:02,9000,1.15,609,609,609
2026-04-02 12:45:03,9000,1.01,578,578,578
2026-04-02 13:00:18,9000,17.48,576,576,576
2026-04-02 13:15:03,9000,0.98,576,576,576
2026-04-02 13:30:02,9000,1.03,582,582,582
2026-04-02 13:45:02,9000,1.12,582,582,582
2026-04-02 14:00:03,9000,1.18,589,589,589
2026-04-02 14:15:03,9000,1.21,589,589,589
2026-04-02 14:45:03,9000,1.19,577,577,577
2026-04-02 15:00:02,9000,0.99,577,577,577
2026-04-02 15:15:03,9000,1.23,589,589,589
2026-04-02 15:30:02,9000,1.27,589,589,589
2026-04-02 16:00:02,9000,1.06,591,591,591
2026-04-02 16:15:03,9000,1.12,586,586,586
2026-04-02 16:30:02,9000,1.12,586,586,586
2026-04-02 16:45:03,9000,1.26,580,580,580
2026-04-02 17:00:02,9000,0.98,580,580,580
2026-04-02 17:15:02,9000,1.09,571,571,571
2026-04-02 17:30:02,9000,1.04,559,559,559
2026-04-02 17:45:02,9000,0.98,559,559,559
2026-04-02 18:00:03,9000,1.28,558,558,558
2026-04-02 18:15:02,9000,1.03,558,558,558
2026-04-02 18:30:03,9000,1.01,512,512,512
2026-04-02 18:45:02,9000,1.0,512,512,512
2026-04-02 19:00:03,9000,1.02,501,501,501
2026-04-02 19:15:13,9000,11.92,473,473,473
2026-04-02 19:30:02,9000,0.86,473,473,473
2026-04-02 19:45:02,9000,0.97,461,461,461
2026-04-02 20:00:02,9000,0.93,454,454,454
2026-04-02 20:15:03,9000,1.05,440,440,440
2026-04-02 20:30:02,9000,0.88,440,440,440
2026-04-02 20:45:03,9000,0.93,391,391,391
2026-04-02 21:00:02,9000,0.86,391,391,391
2026-04-02 21:15:03,9000,0.95,387,387,387
2026-04-02 21:30:02,9000,0.89,387,387,387
2026-04-02 21:45:02,9000,0.79,331,331,331
2026-04-03 04:00:16,9000,14.62,259,259,259
2026-04-03 04:15:02,9000,0.64,259,259,259
2026-04-03 04:30:02,9000,0.74,259,259,259
2026-04-03 04:45:02,9000,0.63,259,259,259
2026-04-03 05:00:02,9000,0.78,259,259,259
2026-04-03 05:15:02,9000,0.84,259,259,259
2026-04-03 05:30:10,9000,8.62,259,259,259
2026-04-03 05:45:02,9000,0.66,259,259,259
2026-04-03 06:00:02,9000,0.71,259,259,259
2026-04-03 06:15:03,9000,0.82,258,258,258
2026-04-03 06:30:02,9000,0.7,258,258,258
2026-04-03 06:45:02,9000,0.78,274,274,274
2026-04-03 07:00:02,9000,0.87,274,274,274
2026-04-03 07:15:03,9000,0.78,273,273,273
2026-04-03 07:30:02,9000,0.75,273,273,273
2026-04-03 07:45:02,9000,0.94,278,278,278
2026-04-03 08:00:03,9000,1.71,278,278,278
2026-04-03 08:15:02,9000,0.66,278,278,278
2026-04-03 08:30:02,9000,0.81,283,283,283
2026-04-03 08:45:02,9000,0.84,281,281,281
2026-04-03 09:00:03,9000,0.88,288,288,288
2026-04-03 09:15:02,9000,0.7,288,288,288
2026-04-03 09:30:02,9000,0.81,293,293,293
2026-04-03 09:45:02,9000,0.8,268,268,268
2026-04-03 10:00:03,9000,0.75,268,268,268
2026-04-03 10:15:02,9000,0.66,268,268,268
2026-04-03 10:30:03,9000,1.92,295,295,295
2026-04-03 10:45:02,9000,0.73,295,295,295
2026-04-03 11:00:03,9000,0.82,328,328,328
2026-04-03 11:15:02,9000,0.78,328,328,328
2026-04-03 11:45:02,9000,0.86,325,325,325
2026-04-03 12:00:02,9000,1.02,321,321,321
2026-04-03 12:15:03,9000,0.78,319,319,319
2026-04-03 12:30:02,9000,0.83,319,319,319
2026-04-03 12:45:02,9000,0.81,332,332,332
2026-04-03 13:15:02,9000,0.94,328,328,328
2026-04-03 13:30:03,9000,1.17,336,336,336
2026-04-03 13:45:02,9000,0.68,336,336,336
2026-04-03 14:00:02,9000,0.83,348,348,348
2026-04-03 14:15:02,9000,0.87,334,334,334
2026-04-03 14:30:08,9000,6.13,352,352,352
2026-04-03 14:45:02,9000,0.78,352,352,352
2026-04-03 15:00:02,9000,0.77,349,349,349
2026-04-03 15:15:03,9000,0.81,364,364,364
2026-04-03 15:45:06,9000,4.4,371,371,371
2026-04-03 16:00:02,9000,0.82,371,371,371
2026-04-03 16:15:02,9000,0.97,370,370,370
2026-04-03 16:30:03,9000,0.9,360,360,360
2026-04-03 16:45:02,9000,0.77,360,360,360
2026-04-03 17:00:02,9000,1.0,364,364,364
2026-04-03 17:15:03,9000,0.98,382,382,382
2026-04-03 17:30:02,9000,0.91,382,382,382
2026-04-03 17:45:13,9000,11.3,360,360,360
2026-04-03 18:00:02,9000,0.77,360,360,360
2026-04-03 18:15:10,9000,8.27,360,360,360
2026-04-03 18:30:03,9000,0.81,360,360,360
2026-04-03 18:45:02,9000,0.91,355,355,355
2026-04-03 19:00:02,9000,1.01,361,361,361
2026-04-03 19:15:03,9000,0.83,342,342,342
2026-04-03 19:30:02,9000,0.84,342,342,342
2026-04-03 19:45:03,9000,0.86,338,338,338
2026-04-03 20:00:02,9000,0.81,338,338,338
2026-04-03 20:15:02,9000,0.89,338,338,338
2026-04-03 20:30:03,9000,0.9,319,319,319
2026-04-03 20:45:02,9000,1.05,319,319,319
2026-04-03 21:00:02,9000,0.94,315,315,315
2026-04-03 21:15:02,9000,0.71,315,315,315
2026-04-03 21:30:02,9000,0.8,313,313,313
2026-04-03 21:45:02,9000,0.82,312,312,312
2026-04-04 04:00:03,9000,0.83,291,291,291
2026-04-04 04:15:02,9000,0.71,291,291,291
2026-04-04 04:30:02,9000,0.79,291,291,291
2026-04-04 04:45:02,9000,0.78,291,291,291
2026-04-04 05:00:03,9000,0.82,291,291,291
2026-04-04 05:15:02,9000,0.69,291,291,291
2026-04-04 05:30:02,9000,0.82,291,291,291
2026-04-04 05:45:02,9000,0.83,309,309,309
2026-04-04 06:00:03,9000,0.84,310,310,310
2026-04-04 06:15:02,9000,0.68,310,310,310
2026-04-04 06:30:03,9000,1.61,331,331,331
2026-04-04 06:45:02,9000,0.76,331,331,331
2026-04-04 07:00:02,9000,0.85,330,330,330
2026-04-04 07:15:03,9000,0.91,379,379,379
2026-04-04 07:30:02,9000,0.8,379,379,379
2026-04-04 07:45:02,9000,0.74,399,399,399
2026-04-04 08:00:02,9000,1.0,399,399,399
2026-04-04 08:15:03,9000,0.94,426,426,426
2026-04-04 08:30:02,9000,0.84,426,426,426
2026-04-04 08:45:02,9000,0.93,428,428,428
2026-04-04 09:00:03,9000,0.96,425,425,425
2026-04-04 09:15:02,9000,0.92,425,425,425
2026-04-04 09:30:03,9000,1.02,502,502,502
2026-04-04 09:45:02,9000,0.89,502,502,502
2026-04-04 10:00:02,9000,1.03,522,522,522
2026-04-04 10:15:02,9000,0.95,522,522,522
2026-04-04 10:30:03,9000,1.34,537,537,537
2026-04-04 10:45:02,9000,0.86,537,537,537
2026-04-04 11:00:02,9000,1.03,534,534,534
2026-04-04 11:30:02,9000,1.14,541,541,541
2026-04-04 11:45:03,9000,1.28,542,542,542
2026-04-04 12:00:02,9000,1.13,542,542,542
2026-04-04 12:15:03,9000,1.35,554,554,554
2026-04-04 12:30:03,9000,1.03,554,554,554
2026-04-04 12:45:02,9000,1.06,567,567,567
2026-04-04 13:00:03,9000,1.18,571,571,571
2026-04-04 13:15:02,9000,0.89,571,571,571
2026-04-04 13:45:03,9000,1.36,575,575,575
2026-04-04 14:00:03,9000,1.05,575,575,575
2026-04-04 14:15:02,9000,1.13,570,570,570
2026-04-04 14:30:03,9000,1.21,570,570,570
2026-04-04 14:45:02,9000,0.89,570,570,570
2026-04-04 15:00:10,9000,8.26,577,577,577
2026-04-04 15:15:03,9000,0.98,577,577,577
2026-04-04 15:30:02,9000,1.37,576,576,576
2026-04-04 15:45:02,9000,1.04,576,576,576
2026-04-04 16:00:03,9000,1.1,568,568,568
2026-04-04 16:15:02,9000,0.93,568,568,568
2026-04-04 16:30:03,9000,1.16,564,564,564
2026-04-04 16:45:02,9000,1.04,564,564,564
2026-04-04 17:00:03,9000,1.13,564,564,564
2026-04-04 17:15:03,9000,1.14,564,564,564
2026-04-04 17:30:02,9000,1.11,561,561,561
2026-04-04 17:45:03,9000,1.18,558,558,558
2026-04-04 18:00:02,9000,1.07,558,558,558
2026-04-04 18:15:02,9000,1.09,549,549,549
2026-04-04 18:30:03,9000,1.12,546,546,546
2026-04-04 18:55:52,9000,1.22,544,544,544
2026-04-04 19:00:03,9000,0.92,544,544,544
2026-04-04 19:15:02,9000,1.0,540,540,540
2026-04-04 19:30:03,9000,1.04,537,537,537
2026-04-04 19:45:02,9000,0.97,537,537,537
2026-04-04 20:00:03,9000,0.97,537,537,537
2026-04-04 20:15:02,9000,1.15,530,530,530
2026-04-04 20:30:03,9000,1.06,534,534,534
2026-04-04 20:45:02,9000,1.04,534,534,534
2026-04-04 21:00:02,9000,1.11,528,528,528
2026-04-04 21:15:03,9000,1.45,528,528,528
2026-04-04 21:15:15,9000,0.86,528,528,528
2026-04-04 21:30:02,9000,0.91,528,528,528
2026-04-04 21:45:03,9000,1.13,526,526,526
2026-04-04 22:00:02,9000,0.96,526,526,526
2026-04-05 04:00:03,9000,1.03,464,464,464
2026-04-05 04:15:02,9000,0.88,464,464,464
2026-04-05 04:30:03,9000,0.91,464,464,464
2026-04-05 04:45:02,9000,0.88,464,464,464
2026-04-05 05:00:02,9000,1.11,464,464,464
2026-04-05 05:15:03,9000,1.06,455,455,455
2026-04-05 05:30:02,9000,1.04,455,455,455
2026-04-05 05:45:03,9000,1.04,457,457,457
2026-04-05 06:00:02,9000,0.89,457,457,457
2026-04-05 06:15:03,9000,1.08,456,456,456
2026-04-05 06:30:02,9000,1.12,456,456,456
2026-04-05 06:45:03,9000,1.13,456,456,456
2026-04-05 07:00:02,9000,0.83,456,456,456
2026-04-05 07:15:03,9000,1.34,459,459,459
2026-04-05 07:30:03,9000,0.9,459,459,459
2026-04-05 07:45:02,9000,1.02,457,457,457
2026-04-05 08:00:03,9000,0.97,456,456,456
2026-04-05 08:15:02,9000,0.91,456,456,456
2026-04-05 08:30:03,9000,1.04,458,458,458
2026-04-05 08:45:02,9000,0.93,458,458,458
2026-04-05 09:00:03,9000,1.06,453,453,453
2026-04-05 09:15:02,9000,0.82,453,453,453
2026-04-05 09:30:04,9000,1.74,452,452,452
2026-04-05 09:45:02,9000,0.99,452,452,452
2026-04-05 10:00:03,9000,0.93,455,455,455
2026-04-05 10:15:02,9000,0.85,455,455,455
2026-04-05 10:30:03,9000,0.9,438,438,438
2026-04-05 10:45:02,9000,0.97,438,438,438
2026-04-05 11:00:02,9000,0.93,426,426,426
2026-04-05 11:15:02,9000,0.85,426,426,426
2026-04-05 11:30:03,9000,1.1,409,409,409
2026-04-05 11:45:02,9000,0.98,409,409,409
2026-04-05 12:00:03,9000,0.94,389,389,389
2026-04-05 12:15:02,9000,0.73,389,389,389
2026-04-05 12:30:02,9000,0.88,380,380,380
2026-04-05 12:45:03,9000,0.95,379,379,379
2026-04-05 13:00:03,9000,1.84,366,366,366
2026-04-05 13:15:03,9000,0.81,366,366,366
2026-04-05 13:30:02,9000,0.93,360,360,360
2026-04-05 13:45:03,9000,0.97,363,363,363
2026-04-05 14:00:02,9000,0.79,363,363,363
2026-04-05 14:15:03,9000,0.96,361,361,361
2026-04-05 14:30:02,9000,0.86,361,361,361
2026-04-05 14:45:02,9000,0.88,333,333,333
2026-04-05 15:00:03,9000,0.8,330,330,330
2026-04-05 15:15:02,9000,0.84,330,330,330
2026-04-05 15:30:06,9000,4.88,322,322,322
2026-04-05 15:45:03,9000,0.74,322,322,322
2026-04-05 16:00:02,9000,0.82,316,316,316
2026-04-05 16:15:02,9000,0.86,320,320,320
2026-04-05 16:30:03,9000,0.79,292,292,292
2026-04-05 16:45:02,9000,0.72,292,292,292
2026-04-05 17:00:02,9000,0.87,292,292,292
2026-04-05 17:15:02,9000,0.77,273,273,273
2026-04-05 17:30:02,9000,0.74,273,273,273
2026-04-05 17:45:02,9000,0.79,248,248,248
2026-04-05 18:00:02,9000,0.8,248,248,248
2026-04-05 18:15:03,9000,0.81,243,243,243
2026-04-05 18:30:02,9000,0.75,243,243,243
2026-04-05 18:45:02,9000,0.77,226,226,226
2026-04-05 19:00:02,9000,0.81,217,217,217
2026-04-05 19:15:04,9000,2.6,217,217,217
2026-04-05 19:30:02,9000,0.76,217,217,217
2026-04-05 19:45:02,9000,0.8,194,194,194
2026-04-05 20:00:02,9000,0.67,194,194,194
2026-04-05 20:15:02,9000,0.67,185,185,185
2026-04-05 20:30:02,9000,0.65,185,185,185
2026-04-05 20:45:02,9000,0.8,165,165,165
2026-04-05 21:00:02,9000,0.73,165,165,165
2026-04-05 21:15:02,9000,0.67,165,165,165
2026-04-05 21:30:03,9000,0.62,149,149,149
2026-04-05 21:45:02,9000,0.62,149,149,149
2026-04-05 22:00:02,9000,0.71,143,143,143
2026-04-06 04:00:03,9000,0.68,103,103,103
2026-04-06 04:15:02,9000,0.57,103,103,103
2026-04-06 04:30:02,9000,0.65,103,103,103
2026-04-06 04:45:02,9000,0.59,103,103,103
2026-04-06 05:00:02,9000,0.53,103,103,103
2026-04-06 05:15:02,9000,0.58,115,115,115
2026-04-06 05:30:03,9000,0.96,115,115,115
2026-04-06 05:45:02,9000,0.52,115,115,115
2026-04-06 06:00:02,9000,0.65,114,114,114
2026-04-06 06:15:02,9000,0.52,114,114,114
2026-04-06 06:30:02,9000,0.64,114,114,114
2026-04-06 06:45:02,9000,0.56,114,114,114
2026-04-06 07:00:02,9000,0.66,146,146,146
2026-04-06 07:15:02,9000,0.7,146,146,146
2026-04-06 07:30:02,9000,0.65,147,147,147
2026-04-06 07:45:02,9000,0.54,147,147,147
2026-04-06 08:00:02,9000,0.78,171,171,171
2026-04-06 08:15:02,9000,0.56,171,171,171
2026-04-06 08:30:03,9000,0.66,169,169,169
2026-04-06 08:45:02,9000,0.56,169,169,169
2026-04-06 09:00:02,9000,0.65,176,176,176
2026-04-06 09:15:02,9000,0.81,175,175,175
2026-04-06 09:30:02,9000,0.73,176,176,176
2026-04-06 09:45:05,9000,2.58,176,176,176
2026-04-06 10:00:02,9000,0.63,176,176,176
2026-04-06 10:15:02,9000,0.65,172,172,172
2026-04-06 10:30:02,9000,0.6,170,170,170
2026-04-06 10:45:02,9000,0.72,170,170,170
2026-04-06 11:00:02,9000,0.69,167,167,167
2026-04-06 11:15:02,9000,0.64,167,167,167
2026-04-06 11:30:02,9000,0.75,165,165,165
2026-04-06 11:45:02,9000,0.69,158,158,158
2026-04-06 12:00:02,9000,0.73,158,158,158
2026-04-06 12:15:02,9000,0.69,158,158,158
2026-04-06 12:30:02,9000,0.66,158,158,158
2026-04-06 12:45:08,9000,6.57,157,157,157
2026-04-06 13:00:03,9000,0.6,157,157,157
2026-04-06 13:15:02,9000,0.66,158,158,158
2026-04-06 13:30:02,9000,0.74,178,178,178
2026-04-06 13:45:02,9000,0.82,178,178,178
2026-04-06 14:00:03,9000,0.76,179,179,179
2026-04-06 14:15:02,9000,0.61,179,179,179
2026-04-06 14:30:02,9000,0.77,191,191,191
2026-04-06 14:45:03,9000,0.7,191,191,191
2026-04-06 15:00:10,9000,9.16,191,191,191
2026-04-06 15:15:03,9000,0.63,191,191,191
2026-04-06 15:30:02,9000,0.75,198,198,198
2026-04-06 15:45:02,9000,0.77,198,198,198
2026-04-06 16:00:06,9000,4.3,195,195,195
2026-04-06 16:15:02,9000,0.67,195,195,195
2026-04-06 16:30:02,9000,0.85,199,199,199
2026-04-06 16:45:02,9000,0.77,199,199,199
2026-04-06 17:00:02,9000,0.89,210,210,210
2026-04-06 17:15:02,9000,0.96,210,210,210
2026-04-06 17:30:03,9000,0.81,210,210,210
2026-04-06 17:45:02,9000,0.73,210,210,210
2026-04-06 18:00:02,9000,0.79,203,203,203
2026-04-06 18:15:02,9000,0.62,203,203,203
2026-04-06 18:30:02,9000,0.78,208,208,208
2026-04-06 18:45:02,9000,0.9,206,206,206
2026-04-06 19:00:03,9000,0.76,204,204,204
2026-04-06 19:15:02,9000,0.66,204,204,204
2026-04-06 19:30:02,9000,0.77,204,204,204
2026-04-06 19:45:03,9000,0.83,196,196,196
2026-04-06 20:00:02,9000,0.73,196,196,196
2026-04-06 20:15:02,9000,0.8,195,195,195
2026-04-06 20:30:03,9000,0.78,193,193,193
2026-04-06 20:45:02,9000,0.6,193,193,193
2026-04-06 21:00:02,9000,0.84,190,190,190
2026-04-06 21:15:02,9000,0.73,190,190,190
2026-04-06 21:30:02,9000,0.77,190,190,190
2026-04-06 21:45:02,9000,0.65,189,189,189
2026-04-06 22:00:02,9000,0.64,189,189,189
2026-04-07 04:00:02,9000,0.94,178,178,178
2026-04-07 04:15:03,9000,0.73,179,179,179
2026-04-07 04:30:02,9000,0.66,179,179,179
2026-04-07 04:45:02,9000,0.75,192,192,192
2026-04-07 05:00:03,9000,0.76,192,192,192
2026-04-07 05:15:02,9000,0.79,192,192,192
2026-04-07 05:30:02,9000,1.37,195,195,195
2026-04-07 05:45:02,9000,0.68,195,195,195
2026-04-07 06:00:02,9000,0.77,206,206,206
2026-04-07 06:15:02,9000,0.86,222,222,222
2026-04-07 06:30:03,9000,0.87,224,224,224
2026-04-07 06:45:02,9000,0.78,224,224,224
2026-04-07 07:00:02,9000,0.84,231,231,231
2026-04-07 07:15:02,9000,0.88,246,246,246
2026-04-07 07:30:02,9000,0.84,246,246,246
2026-04-07 07:45:02,9000,1.05,287,287,287
2026-04-07 08:00:03,9000,0.9,312,312,312
2026-04-07 08:15:02,9000,0.8,312,312,312
2026-04-07 08:45:02,9000,0.89,324,324,324
2026-04-07 09:00:03,9000,0.89,328,328,328
2026-04-07 09:15:02,9000,0.89,328,328,328
2026-04-07 09:30:03,9000,1.24,397,397,397
2026-04-07 09:45:02,9000,0.91,397,397,397
2026-04-07 10:00:03,9000,1.19,414,414,414
2026-04-07 10:15:02,9000,1.12,414,414,414
2026-04-07 10:30:03,9000,1.21,423,423,423
2026-04-07 10:45:03,9000,1.11,423,423,423
2026-04-07 11:00:02,9000,0.98,416,416,416
2026-04-07 11:15:03,9000,1.11,416,416,416
2026-04-07 11:30:03,9000,1.51,436,436,436
2026-04-07 11:45:04,9000,2.19,436,436,436
2026-04-07 12:15:03,9000,2.19,452,452,452
2026-04-07 12:30:04,9000,2.22,464,464,464
2026-04-07 12:45:15,9000,13.84,466,466,466
2026-04-07 13:00:03,9000,1.17,466,466,466
2026-04-07 13:15:03,9000,1.86,464,464,464
2026-04-07 13:30:03,9000,1.67,474,474,474
2026-04-07 13:45:13,9000,11.79,474,474,474
2026-04-07 14:00:03,9000,1.63,474,474,474
2026-04-07 14:15:03,9000,1.19,467,467,467
2026-04-07 14:30:02,9000,1.14,467,467,467
2026-04-07 14:45:03,9000,1.14,465,465,465
2026-04-07 15:00:02,9000,1.01,465,465,465
2026-04-07 15:15:02,9000,1.09,468,468,468
2026-04-07 15:30:03,9000,1.1,475,475,475
2026-04-07 15:45:02,9000,0.99,475,475,475
2026-04-07 16:00:03,9000,1.15,469,469,469
2026-04-07 16:15:02,9000,0.94,469,469,469
2026-04-07 16:30:03,9000,0.96,505,505,505
2026-04-07 16:45:02,9000,0.95,505,505,505
2026-04-07 17:00:03,9000,1.09,499,499,499
2026-04-07 17:15:02,9000,1.05,499,499,499
2026-04-07 17:30:03,9000,1.31,495,495,495
2026-04-07 17:45:02,9000,1.03,495,495,495
2026-04-07 18:00:03,9000,1.16,487,487,487
2026-04-07 18:15:02,9000,0.97,487,487,487
2026-04-07 18:30:03,9000,1.18,491,491,491
2026-04-07 18:45:03,9000,1.22,491,491,491
2026-04-07 19:15:03,9000,1.23,481,481,481
2026-04-07 19:30:03,9000,1.34,481,481,481
2026-04-07 19:45:03,9000,1.24,479,479,479
2026-04-07 20:00:03,9000,1.13,479,479,479
2026-04-07 20:15:02,9000,1.02,480,480,480
2026-04-07 20:30:03,9000,1.18,475,475,475
2026-04-07 20:45:03,9000,1.28,475,475,475
2026-04-07 21:00:03,9000,1.4,475,475,475
2026-04-07 21:15:02,9000,0.96,475,475,475
2026-04-07 21:30:03,9000,1.25,470,470,470
2026-04-07 21:45:03,9000,1.09,470,470,470
2026-04-07 22:00:03,9000,1.07,470,470,470
2026-04-08 04:00:03,9000,1.07,445,445,445
2026-04-08 04:15:12,9000,10.29,452,452,452
2026-04-08 04:30:03,9000,1.0,452,452,452
2026-04-08 04:45:02,9000,1.15,471,471,471
2026-04-08 05:00:02,9000,1.11,471,471,471
2026-04-08 05:15:03,9000,1.32,483,483,483
2026-04-08 05:30:03,9000,1.03,483,483,483
2026-04-08 05:45:02,9000,1.19,485,485,485
2026-04-08 06:00:21,9000,19.04,491,491,491
2026-04-08 06:15:07,9000,5.81,491,491,491
2026-04-08 06:30:03,9000,1.11,489,489,489
2026-04-08 06:45:03,9000,1.0,489,489,489
2026-04-08 07:00:02,9000,1.12,499,499,499
2026-04-08 07:15:03,9000,1.05,499,499,499
2026-04-08 07:30:02,9000,1.16,499,499,499
2026-04-08 07:45:02,9000,1.23,518,518,518
2026-04-08 08:00:03,9000,1.18,519,519,519
2026-04-08 08:15:03,9000,1.56,518,518,518
2026-04-08 08:30:02,9000,1.12,518,518,518
2026-04-08 08:45:03,9000,1.11,509,509,509
2026-04-08 09:15:02,9000,1.13,506,506,506
2026-04-08 09:30:03,9000,1.01,504,504,504
2026-04-08 09:45:02,9000,1.09,504,504,504
2026-04-08 10:00:04,9000,1.39,508,508,508
2026-04-08 10:15:02,9000,1.13,508,508,508
2026-04-08 10:30:03,9000,1.38,502,502,502
2026-04-08 10:45:03,9000,1.25,502,502,502
2026-04-08 11:00:03,9000,1.27,494,494,494
2026-04-08 11:15:03,9000,1.11,494,494,494
2026-04-08 11:30:03,9000,1.37,470,470,470
2026-04-08 11:45:03,9000,1.21,470,470,470
2026-04-08 12:00:03,9000,1.32,469,469,469
2026-04-08 12:15:02,9000,1.03,469,469,469
2026-04-08 12:30:03,9000,1.27,481,481,481
2026-04-08 12:45:14,9000,12.66,478,478,478
2026-04-08 13:00:03,9000,1.18,478,478,478
2026-04-08 13:15:03,9000,1.29,484,484,484
2026-04-08 13:30:03,9000,1.03,484,484,484
2026-04-08 13:45:02,9000,1.15,478,478,478
2026-04-08 14:15:03,9000,1.2,480,480,480
2026-04-08 14:30:02,9000,1.01,480,480,480
2026-04-08 14:45:03,9000,1.37,464,464,464
2026-04-08 15:00:03,9000,1.11,464,464,464
2026-04-08 15:15:02,9000,1.0,470,470,470
2026-04-08 15:30:03,9000,1.2,476,476,476
2026-04-08 15:45:03,9000,1.08,476,476,476
2026-04-08 16:00:03,9000,1.22,501,501,501
2026-04-08 16:15:02,9000,1.13,501,501,501
2026-04-08 16:30:03,9000,1.3,490,490,490
2026-04-08 16:45:03,9000,1.13,490,490,490
2026-04-08 17:00:03,9000,1.2,472,472,472
2026-04-08 17:15:02,9000,1.14,472,472,472
2026-04-08 17:30:02,9000,1.14,472,472,472
2026-04-08 17:45:03,9000,1.19,466,466,466
2026-04-08 18:00:03,9000,1.02,466,466,466
2026-04-08 18:15:02,9000,1.09,460,460,460
2026-04-08 18:30:03,9000,1.05,459,459,459
2026-04-08 18:45:02,9000,0.83,459,459,459
2026-04-08 19:00:04,9000,1.66,434,434,434
2026-04-08 19:15:02,9000,1.0,434,434,434
2026-04-08 19:30:03,9000,1.06,433,433,433
2026-04-08 19:45:02,9000,0.87,433,433,433
2026-04-08 20:00:03,9000,1.08,423,423,423
2026-04-08 20:15:03,9000,1.2,422,422,422
2026-04-08 20:30:02,9000,0.85,422,422,422
2026-04-08 20:45:03,9000,1.13,414,414,414
2026-04-08 21:00:02,9000,0.86,414,414,414
2026-04-08 21:15:03,9000,1.17,411,411,411
2026-04-08 21:30:02,9000,0.91,411,411,411
2026-04-08 21:45:03,9000,0.89,406,406,406
2026-04-08 22:00:02,9000,0.98,406,406,406
2026-04-09 04:00:03,9000,1.25,366,366,366
2026-04-09 04:15:10,9000,8.08,371,371,371
2026-04-09 04:30:02,9000,0.94,371,371,371
2026-04-09 04:45:02,9000,1.01,380,380,380
2026-04-09 05:00:03,9000,1.16,382,382,382
2026-04-09 05:15:02,9000,0.89,382,382,382
2026-04-09 05:30:02,9000,1.12,398,398,398
2026-04-09 05:45:03,9000,0.95,396,396,396
2026-04-09 06:00:02,9000,0.93,396,396,396
2026-04-09 06:15:03,9000,1.12,415,415,415
2026-04-09 06:30:04,9000,2.38,427,427,427
2026-04-09 06:45:02,9000,0.98,427,427,427
2026-04-09 07:00:02,9000,1.13,480,480,480
2026-04-09 07:15:05,9000,3.19,485,485,485
2026-04-09 07:30:03,9000,1.0,485,485,485
2026-04-09 07:45:02,9000,1.29,485,485,485
2026-04-09 08:00:02,9000,0.84,485,485,485
2026-04-09 08:15:03,9000,1.24,507,507,507
2026-04-09 08:30:02,9000,1.16,507,507,507
2026-04-09 08:45:03,9000,1.07,523,523,523
2026-04-09 09:00:03,9000,1.15,523,523,523
2026-04-09 09:15:03,9000,1.43,546,546,546
2026-04-09 09:30:02,9000,1.16,546,546,546
2026-04-09 09:45:02,9000,1.24,545,545,545
2026-04-09 10:00:03,9000,1.32,541,541,541
2026-04-09 10:15:03,9000,1.22,541,541,541
2026-04-09 10:30:03,9000,1.35,593,593,593
2026-04-09 10:45:10,9000,8.36,593,593,593
2026-04-09 11:00:03,9000,1.11,593,593,593
2026-04-09 11:15:03,9000,1.18,607,607,607
2026-04-09 11:30:03,9000,1.51,588,588,588
2026-04-09 11:45:03,9000,1.37,588,588,588
2026-04-09 12:00:02,9000,1.3,595,595,595
2026-04-09 12:15:02,9000,1.17,595,595,595
2026-04-09 12:30:11,9000,9.35,590,590,590
2026-04-09 12:45:03,9000,1.11,590,590,590
2026-04-09 13:00:02,9000,1.2,590,590,590
2026-04-09 13:15:02,9000,1.21,590,590,590
2026-04-09 13:30:03,9000,1.16,600,600,600
2026-04-09 13:45:03,9000,1.46,600,600,600
2026-04-09 14:00:03,9000,1.25,595,595,595
2026-04-09 14:15:03,9000,1.03,595,595,595
2026-04-09 14:30:03,9000,1.47,579,579,579
2026-04-09 14:45:03,9000,1.12,579,579,579
2026-04-09 15:00:03,9000,1.39,599,599,599
2026-04-09 15:15:02,9000,1.1,599,599,599
2026-04-09 15:30:03,9000,1.22,621,621,621
2026-04-09 15:45:15,9000,13.72,614,614,614
2026-04-09 16:00:02,9000,1.28,614,614,614
2026-04-09 16:15:03,9000,1.23,632,632,632
2026-04-09 16:30:03,9000,1.3,632,632,632
2026-04-09 17:00:03,9000,1.27,624,624,624
2026-04-09 17:15:03,9000,1.43,624,624,624
2026-04-09 17:30:07,9000,5.16,622,622,622
2026-04-09 17:45:03,9000,1.25,622,622,622
2026-04-09 18:00:03,9000,1.31,624,624,624
2026-04-09 18:15:02,9000,1.2,624,624,624
2026-04-09 18:30:03,9000,1.21,615,615,615
2026-04-09 18:45:03,9000,1.08,615,615,615
2026-04-09 19:00:04,9000,1.4,608,608,608
2026-04-09 19:15:02,9000,1.1,608,608,608
2026-04-09 19:30:03,9000,1.38,603,603,603
2026-04-09 19:45:03,9000,1.24,603,603,603
2026-04-09 20:00:03,9000,1.1,592,592,592
2026-04-09 20:15:03,9000,1.29,590,590,590
2026-04-09 20:30:02,9000,1.1,590,590,590
2026-04-09 20:45:03,9000,1.28,581,581,581
2026-04-09 21:00:03,9000,1.27,581,581,581
2026-04-09 21:15:03,9000,1.48,586,586,586
2026-04-09 21:30:03,9000,1.18,586,586,586
2026-04-09 21:45:03,9000,1.4,584,584,584
2026-04-09 22:00:03,9000,1.03,584,584,584
2026-04-10 04:00:03,9000,1.26,547,547,547
2026-04-10 04:15:03,9000,1.22,547,547,547
2026-04-10 04:30:03,9000,1.26,565,565,565
2026-04-10 04:45:03,9000,1.24,565,565,565
2026-04-10 05:15:23,9000,21.7,578,578,578
2026-04-10 05:30:03,9000,1.12,578,578,578
2026-04-10 05:45:03,9000,1.39,578,578,578
2026-04-10 06:00:06,9000,4.24,578,578,578
2026-04-10 06:15:03,9000,1.21,578,578,578
2026-04-10 06:30:02,9000,1.38,587,587,587
2026-04-10 06:45:02,9000,1.31,587,587,587
2026-04-10 07:00:03,9000,1.55,610,610,610
2026-04-10 07:15:02,9000,1.19,610,610,610
2026-04-10 07:45:03,9000,1.53,642,642,642
2026-04-10 08:00:03,9000,1.3,640,640,640
2026-04-10 08:15:21,9000,19.41,640,640,640
2026-04-10 08:30:19,9000,17.31,640,640,640
2026-04-10 08:45:03,9000,1.7,641,641,641
2026-04-10 09:00:03,9000,1.59,641,641,641
2026-04-10 09:15:04,9000,1.7,665,665,665
2026-04-10 09:30:03,9000,1.4,665,665,665
2026-04-10 09:45:03,9000,1.44,655,655,655
2026-04-10 10:00:03,9000,1.47,667,667,667
2026-04-10 10:15:03,9000,1.37,667,667,667
2026-04-10 10:30:03,9000,1.65,663,663,663
2026-04-10 10:45:03,9000,1.59,665,665,665
2026-04-10 11:00:03,9000,1.31,665,665,665
2026-04-10 11:15:03,9000,1.45,678,678,678
2026-04-10 11:30:03,9000,1.72,683,683,683
2026-04-10 11:45:04,9000,1.94,687,687,687
2026-04-10 12:00:04,9000,1.87,687,687,687
2026-04-10 12:15:04,9000,2.74,683,683,683
2026-04-10 12:30:04,9000,1.92,683,683,683
2026-04-10 12:45:03,9000,2.16,683,683,683
2026-04-10 13:00:03,9000,2.2,677,677,677
2026-04-10 13:15:04,9000,1.76,682,682,682
2026-04-10 13:30:04,9000,2.76,682,682,682
2026-04-10 13:45:03,9000,1.51,670,670,670
2026-04-10 14:00:03,9000,1.44,676,676,676
2026-04-10 14:15:03,9000,1.3,676,676,676
2026-04-10 14:30:03,9000,1.3,660,660,660
2026-04-10 14:45:03,9000,1.17,660,660,660
2026-04-10 15:00:02,9000,1.11,668,668,668
2026-04-10 15:15:08,9000,5.91,660,660,660
2026-04-10 15:30:03,9000,1.26,660,660,660
2026-04-10 15:45:02,9000,1.3,655,655,655
2026-04-10 16:00:02,9000,1.17,655,655,655
2026-04-10 16:15:05,9000,3.31,650,650,650
2026-04-10 16:30:03,9000,1.15,650,650,650
2026-04-10 16:45:03,9000,1.41,638,638,638
2026-04-10 17:00:03,9000,1.1,638,638,638
2026-04-10 17:15:12,9000,10.93,621,621,621
2026-04-10 17:30:03,9000,1.11,621,621,621
2026-04-10 17:45:02,9000,1.17,616,616,616
2026-04-10 18:00:03,9000,1.24,616,616,616
2026-04-10 18:15:03,9000,1.16,616,616,616
2026-04-10 18:30:03,9000,1.24,608,608,608
2026-04-10 18:45:03,9000,1.4,608,608,608
2026-04-10 19:00:03,9000,1.43,602,602,602
2026-04-10 19:15:02,9000,1.02,602,602,602
2026-04-10 19:30:03,9000,1.19,594,594,594
2026-04-10 19:45:03,9000,1.18,594,594,594
2026-04-10 20:00:03,9000,1.37,577,577,577
2026-04-10 20:15:11,9000,9.32,573,573,573
2026-04-10 20:30:03,9000,1.27,573,573,573
2026-04-10 20:45:02,9000,1.14,564,564,564
2026-04-10 21:00:03,9000,1.35,563,563,563
2026-04-10 21:15:03,9000,1.07,563,563,563
2026-04-10 21:30:03,9000,1.28,555,555,555
2026-04-10 21:45:03,9000,1.14,555,555,555
2026-04-10 22:00:03,9000,1.32,555,555,555
2026-04-11 04:00:04,9000,2.29,480,480,480
2026-04-11 04:15:03,9000,1.01,480,480,480
2026-04-11 04:30:02,9000,1.1,487,487,487
2026-04-11 04:45:03,9000,1.19,487,487,487
2026-04-11 05:00:02,9000,0.91,487,487,487
2026-04-11 05:15:03,9000,1.17,487,487,487
2026-04-11 05:30:03,9000,1.91,486,486,486
2026-04-11 05:45:03,9000,1.13,486,486,486
2026-04-11 06:00:03,9000,1.13,485,485,485
2026-04-11 06:15:09,9000,7.28,484,484,484
2026-04-11 06:30:02,9000,1.12,484,484,484
2026-04-11 06:45:03,9000,1.25,494,494,494
2026-04-11 07:00:03,9000,1.08,494,494,494
2026-04-11 07:15:15,9000,14.02,489,489,489
2026-04-11 07:30:03,9000,1.04,489,489,489
2026-04-11 07:45:03,9000,1.11,490,490,490
2026-04-11 08:00:02,9000,1.21,490,490,490
2026-04-11 08:15:03,9000,2.49,483,483,483
2026-04-11 08:30:07,9000,5.65,477,477,477
2026-04-11 08:45:02,9000,1.23,477,477,477
2026-04-11 09:00:03,9000,1.53,474,474,474
2026-04-11 09:15:02,9000,1.15,474,474,474
2026-04-11 09:30:03,9000,1.06,482,482,482
2026-04-11 09:45:03,9000,1.21,482,482,482
2026-04-11 10:00:03,9000,1.31,480,480,480
2026-04-11 10:15:02,9000,1.2,480,480,480
2026-04-11 10:30:03,9000,1.23,509,509,509
2026-04-11 10:45:03,9000,1.2,509,509,509
2026-04-11 11:00:03,9000,1.4,511,511,511
2026-04-11 11:15:02,9000,0.96,511,511,511
2026-04-11 11:30:03,9000,1.26,501,501,501
2026-04-11 11:45:03,9000,1.18,501,501,501
2026-04-11 12:00:12,9000,10.18,467,467,467
2026-04-11 12:15:02,9000,1.1,467,467,467
2026-04-11 12:30:03,9000,1.28,466,466,466
2026-04-11 12:45:03,9000,1.04,466,466,466
2026-04-11 13:00:02,9000,1.19,451,451,451
2026-04-11 13:15:02,9000,1.21,451,451,451
2026-04-11 13:30:03,9000,1.16,440,440,440
2026-04-11 13:45:03,9000,0.97,440,440,440
2026-04-11 14:00:08,9000,7.19,445,445,445
2026-04-11 14:15:03,9000,0.94,445,445,445
2026-04-11 14:30:02,9000,1.13,429,429,429
2026-04-11 14:45:03,9000,1.06,429,429,429
2026-04-11 15:00:02,9000,1.01,429,429,429
2026-04-11 15:15:02,9000,1.02,423,423,423
2026-04-11 15:30:07,9000,5.73,434,434,434
2026-04-11 15:45:02,9000,0.9,434,434,434
2026-04-11 16:00:03,9000,1.16,437,437,437
2026-04-11 16:15:03,9000,1.04,437,437,437
2026-04-11 16:30:02,9000,0.89,431,431,431
2026-04-11 16:45:02,9000,0.95,436,436,436
2026-04-11 17:00:02,9000,1.01,436,436,436
2026-04-11 17:15:03,9000,1.07,429,429,429
2026-04-11 17:30:02,9000,1.01,429,429,429
2026-04-11 18:00:03,9000,1.08,429,429,429
2026-04-11 18:15:02,9000,0.95,429,429,429
2026-04-11 18:30:03,9000,1.0,427,427,427
2026-04-11 18:45:02,9000,1.0,427,427,427
2026-04-11 19:00:03,9000,0.88,416,416,416
2026-04-11 19:15:10,9000,9.33,418,418,418
2026-04-11 19:30:17,9000,14.77,416,416,416
2026-04-11 19:45:02,9000,0.74,416,416,416
2026-04-11 20:00:02,9000,0.9,413,413,413
2026-04-11 20:15:03,9000,0.9,409,409,409
2026-04-11 20:30:02,9000,0.86,409,409,409
2026-04-11 20:45:02,9000,0.86,405,405,405
2026-04-11 21:00:03,9000,0.93,405,405,405
2026-04-11 21:15:02,9000,0.76,405,405,405
2026-04-11 21:45:02,9000,0.91,400,400,400
2026-04-11 22:00:02,9000,0.86,400,400,400
2026-04-12 04:00:04,9000,1.17,374,374,374
2026-04-12 04:15:04,9000,0.96,374,374,374
2026-04-12 04:30:03,9000,1.01,374,374,374
2026-04-12 04:45:03,9000,1.06,374,374,374
2026-04-12 05:00:03,9000,1.02,377,377,377
2026-04-12 05:15:04,9000,1.0,385,385,385
2026-04-12 05:30:03,9000,0.98,385,385,385
2026-04-12 05:45:03,9000,0.96,385,385,385
2026-04-12 06:00:04,9000,1.04,384,384,384
2026-04-12 06:15:04,9000,0.97,384,384,384
2026-04-12 06:30:06,9000,3.5,386,386,386
2026-04-12 06:45:04,9000,0.99,386,386,386
2026-04-12 07:00:03,9000,1.17,418,418,418
2026-04-12 07:15:03,9000,0.95,418,418,418
2026-04-12 07:30:04,9000,1.1,419,419,419
2026-04-12 07:45:04,9000,1.04,419,419,419
2026-04-12 08:00:03,9000,1.21,427,427,427
2026-04-12 08:15:03,9000,1.02,427,427,427
2026-04-12 08:30:04,9000,1.13,422,422,422
2026-04-12 08:45:12,9000,9.77,423,423,423
2026-04-12 09:00:03,9000,0.98,423,423,423
2026-04-12 09:15:03,9000,1.06,422,422,422
2026-04-12 09:30:04,9000,1.17,438,438,438
2026-04-12 09:45:04,9000,1.1,438,438,438
2026-04-12 10:00:04,9000,1.34,437,437,437
2026-04-12 10:15:04,9000,1.1,437,437,437
2026-04-12 10:30:04,9000,1.09,456,456,456
2026-04-12 10:45:04,9000,1.1,456,456,456
2026-04-12 11:00:04,9000,1.19,454,454,454
2026-04-12 11:15:04,9000,1.16,454,454,454
2026-04-12 11:30:04,9000,1.09,448,448,448
2026-04-12 11:45:03,9000,1.14,448,448,448
2026-04-12 12:00:03,9000,1.05,444,444,444
2026-04-12 12:15:04,9000,1.04,432,432,432
2026-04-12 12:30:04,9000,0.99,432,432,432
2026-04-12 12:45:03,9000,1.19,431,431,431
2026-04-12 13:00:03,9000,1.11,431,431,431
2026-04-12 13:15:04,9000,1.41,429,429,429
2026-04-12 13:30:05,9000,1.36,427,427,427
2026-04-12 13:45:04,9000,1.27,427,427,427
2026-04-12 14:00:04,9000,1.36,428,428,428
2026-04-12 14:15:05,9000,1.48,427,427,427
2026-04-12 14:30:04,9000,1.14,427,427,427
2026-04-12 14:45:04,9000,1.26,424,424,424
2026-04-12 15:00:04,9000,1.59,436,436,436
2026-04-12 15:15:04,9000,1.43,436,436,436
2026-04-12 15:30:03,9000,0.9,436,436,436
2026-04-12 15:45:04,9000,1.21,433,433,433
2026-04-12 16:15:04,9000,1.03,436,436,436
2026-04-12 16:30:03,9000,0.92,436,436,436
2026-04-12 16:45:04,9000,1.25,445,445,445
2026-04-12 17:00:04,9000,1.13,445,445,445
2026-04-12 17:15:10,9000,7.01,438,438,438
2026-04-12 17:30:03,9000,1.26,438,438,438
2026-04-12 17:45:04,9000,1.07,421,421,421
2026-04-12 18:00:04,9000,0.97,421,421,421
2026-04-12 18:15:04,9000,1.03,403,403,403
2026-04-12 18:30:05,9000,1.09,383,383,383
2026-04-12 18:45:04,9000,1.01,383,383,383
2026-04-12 19:00:04,9000,1.07,379,379,379
2026-04-12 19:15:04,9000,1.1,377,377,377
2026-04-12 19:30:03,9000,1.07,377,377,377
2026-04-12 19:45:04,9000,1.12,367,367,367
2026-04-12 19:49:33,9000,1.14,367,367,367
2026-04-12 20:00:04,9000,1.17,367,367,367
2026-04-12 20:15:04,9000,1.18,363,363,363
2026-04-12 20:30:04,9000,1.06,364,364,364
2026-04-12 20:45:04,9000,0.94,364,364,364
2026-04-12 21:00:04,9000,0.98,356,356,356
2026-04-12 21:15:03,9000,0.9,356,356,356
2026-04-12 21:30:03,9000,1.12,354,354,354
2026-04-12 21:45:04,9000,1.19,354,354,354
2026-04-12 22:00:04,9000,0.94,354,354,354
2026-04-13 04:00:05,9000,1.05,308,308,308
2026-04-13 04:15:03,9000,0.93,308,308,308
2026-04-13 04:30:04,9000,1.1,322,322,322
2026-04-13 04:45:15,9000,12.93,324,324,324
2026-04-13 05:00:03,9000,0.9,324,324,324
2026-04-13 05:15:04,9000,1.12,325,325,325
2026-04-13 05:30:03,9000,0.83,325,325,325
2026-04-13 06:00:04,9000,0.96,325,325,325
2026-04-13 06:15:03,9000,0.87,325,325,325
2026-04-13 06:30:03,9000,1.03,334,334,334
2026-04-13 06:45:03,9000,0.81,334,334,334
2026-04-13 07:00:04,9000,1.11,334,334,334
2026-04-13 07:15:04,9000,0.98,334,334,334
2026-04-13 07:30:04,9000,0.99,359,359,359
2026-04-13 07:45:03,9000,0.97,359,359,359
2026-04-13 08:00:22,9000,19.61,386,386,386
2026-04-13 08:15:03,9000,1.03,386,386,386
2026-04-13 08:30:04,9000,1.2,394,394,394
2026-04-13 08:45:04,9000,1.01,394,394,394
2026-04-13 09:00:04,9000,1.03,427,427,427
2026-04-13 09:15:05,9000,1.24,427,427,427
2026-04-13 09:30:20,9000,16.82,451,451,451
2026-04-13 09:45:05,9000,1.43,451,451,451
2026-04-13 10:00:04,9000,1.24,464,464,464
2026-04-13 10:15:05,9000,1.38,467,467,467
2026-04-13 10:30:14,9000,11.09,465,465,465
2026-04-13 10:45:17,9000,14.39,465,465,465
2026-04-13 11:00:04,9000,1.14,465,465,465
2026-04-13 11:15:04,9000,1.15,459,459,459
2026-04-13 11:30:04,9000,1.25,464,464,464
2026-04-13 11:45:04,9000,1.15,459,459,459
2026-04-13 12:00:04,9000,1.0,459,459,459
2026-04-13 12:15:04,9000,1.35,458,458,458
2026-04-13 12:30:04,9000,1.16,458,458,458
2026-04-13 12:45:04,9000,1.03,448,448,448
2026-04-13 13:00:04,9000,0.99,448,448,448
2026-04-13 13:15:04,9000,1.16,446,446,446
2026-04-13 13:30:04,9000,1.08,446,446,446
2026-04-13 13:45:04,9000,1.24,441,441,441
2026-04-13 14:00:04,9000,1.17,441,441,441
2026-04-13 14:15:05,9000,1.28,452,452,452
2026-04-13 14:30:05,9000,1.16,452,452,452
2026-04-13 14:45:04,9000,1.3,457,457,457
2026-04-13 15:00:04,9000,1.1,457,457,457
2026-04-13 15:15:05,9000,1.38,476,476,476
2026-04-13 15:30:04,9000,1.36,476,476,476
2026-04-13 15:45:04,9000,1.31,466,466,466
2026-04-13 16:00:04,9000,1.23,466,466,466
2026-04-13 16:15:04,9000,1.7,487,487,487
2026-04-13 16:30:04,9000,1.35,487,487,487
2026-04-13 16:45:04,9000,1.32,488,488,488
2026-04-13 17:00:04,9000,1.15,488,488,488
2026-04-13 17:15:04,9000,1.26,484,484,484
2026-04-13 17:30:04,9000,1.16,484,484,484
2026-04-13 17:45:03,9000,1.31,475,475,475
2026-04-13 18:00:05,9000,1.73,476,476,476
2026-04-13 18:15:06,9000,2.08,474,474,474
2026-04-13 18:30:06,9000,1.75,460,460,460
2026-04-13 18:45:07,9000,1.66,459,459,459
2026-04-13 19:00:09,9000,4.79,456,456,456
2026-04-13 19:15:06,9000,1.57,456,456,456
2026-04-13 19:30:06,9000,1.69,451,451,451
2026-04-13 19:45:07,9000,1.89,448,448,448
2026-04-13 20:00:09,9000,2.52,449,449,449
2026-04-13 20:15:07,9000,1.63,447,447,447
2026-04-13 20:30:05,9000,1.52,447,447,447
2026-04-13 20:45:06,9000,1.63,444,444,444
2026-04-13 21:00:05,9000,1.72,444,444,444
2026-04-13 21:15:05,9000,1.63,440,440,440
2026-04-13 21:30:05,9000,1.5,440,440,440
2026-04-13 21:45:06,9000,1.7,439,439,439
2026-04-13 22:00:05,9000,1.62,439,439,439
2026-04-14 04:00:04,9000,1.04,396,396,396
2026-04-14 04:15:03,9000,1.09,396,396,396
2026-04-14 04:30:04,9000,1.34,396,396,396
2026-04-14 04:45:04,9000,1.15,398,398,398
2026-04-14 05:00:04,9000,1.12,401,401,401
2026-04-14 05:15:04,9000,1.13,401,401,401
2026-04-14 05:30:03,9000,1.14,401,401,401
2026-04-14 05:45:03,9000,0.98,401,401,401
2026-04-14 06:00:04,9000,1.07,406,406,406
2026-04-14 06:15:04,9000,1.42,406,406,406
2026-04-14 06:30:04,9000,1.42,406,406,406
2026-04-14 06:45:03,9000,1.4,418,418,418
2026-04-14 07:00:04,9000,1.52,417,417,417
2026-04-14 07:15:04,9000,0.99,417,417,417
2026-04-14 07:30:04,9000,1.13,427,427,427
2026-04-14 07:45:04,9000,1.17,427,427,427
2026-04-14 08:00:03,9000,1.12,427,427,427
2026-04-14 08:15:04,9000,1.46,431,431,431
2026-04-14 08:30:05,9000,1.73,457,457,457
2026-04-14 08:45:11,9000,8.83,457,457,457
2026-04-14 09:00:04,9000,1.29,457,457,457
2026-04-14 09:15:09,9000,1.69,457,457,457
2026-04-14 09:30:03,9000,1.0,457,457,457
2026-04-14 09:45:04,9000,1.33,457,457,457
2026-04-14 10:00:11,9000,1.63,456,456,456
2026-04-14 10:15:04,9000,1.59,459,459,459
2026-04-14 10:30:04,9000,1.69,459,459,459
2026-04-14 10:45:05,9000,1.55,452,452,452
2026-04-14 11:00:05,9000,1.51,452,452,452
2026-04-14 11:15:04,9000,1.43,452,452,452
2026-04-14 11:30:14,9000,10.05,449,449,449
2026-04-14 11:35:46,9000,1.32,449,449,449
2026-04-14 11:45:05,9000,1.34,449,449,449
2026-04-14 12:53:55,9000,1.55,434,434,434
2026-04-14 13:30:04,9000,0.82,428,428,428
2026-04-14 13:45:03,9000,0.85,428,428,428
2026-04-14 14:00:05,9000,1.67,443,443,443
2026-04-14 14:15:03,9000,1.04,443,443,443
2026-04-14 14:30:14,9000,11.33,449,449,449
2026-04-14 14:45:03,9000,0.89,448,448,448
2026-04-14 15:00:04,9000,1.06,448,448,448
2026-04-14 15:15:03,9000,0.85,453,453,453
2026-04-14 15:30:03,9000,0.92,466,466,466
2026-04-14 15:45:04,9000,1.01,447,447,447
2026-04-14 16:00:03,9000,0.85,447,447,447
2026-04-14 16:15:04,9000,1.05,434,434,434
2026-04-14 16:30:22,9000,19.4,432,432,432
2026-04-14 16:45:03,9000,0.69,432,432,432
2026-04-14 17:00:03,9000,1.14,430,430,430
2026-04-14 17:15:03,9000,1.08,430,430,430
2026-04-14 17:30:03,9000,0.9,431,431,431
2026-04-14 17:45:03,9000,0.8,431,431,431
2026-04-14 18:00:25,9000,23.05,437,437,437
2026-04-14 18:15:04,9000,0.93,437,437,437
2026-04-14 18:30:11,9000,7.96,442,442,442
2026-04-14 18:45:03,9000,1.07,442,442,442
2026-04-14 19:00:04,9000,1.13,432,432,432
2026-04-14 19:15:03,9000,1.03,432,432,432
2026-04-14 19:30:04,9000,0.89,422,422,422
2026-04-14 19:45:03,9000,0.84,422,422,422
2026-04-14 20:00:03,9000,1.01,415,415,415
2026-04-14 20:15:03,9000,1.1,414,414,414
2026-04-14 20:30:04,9000,0.84,411,411,411
2026-04-14 20:45:04,9000,1.15,411,411,411
2026-04-14 21:00:03,9000,1.02,410,410,410
2026-04-14 21:15:04,9000,1.29,403,403,403
2026-04-14 21:30:04,9000,1.07,402,402,402
2026-04-14 21:45:03,9000,0.99,402,402,402
2026-04-14 22:00:04,9000,1.34,399,399,399
2026-04-15 04:00:05,9000,1.15,360,360,360
2026-04-15 04:15:04,9000,0.96,360,360,360
2026-04-15 04:30:04,9000,1.08,380,380,380
2026-04-15 04:45:03,9000,0.93,380,380,380
2026-04-15 05:00:03,9000,1.05,380,380,380
2026-04-15 05:15:04,9000,0.97,384,384,384
2026-04-15 05:30:03,9000,1.01,384,384,384
2026-04-15 05:45:04,9000,1.22,408,408,408
2026-04-15 06:00:05,9000,1.46,413,413,413
2026-04-15 06:15:05,9000,1.3,413,413,413
2026-04-15 06:30:05,9000,1.38,429,429,429
2026-04-15 06:45:03,9000,1.04,429,429,429
2026-04-15 07:00:04,9000,1.18,433,433,433
2026-04-15 07:15:04,9000,0.89,433,433,433
2026-04-15 07:30:03,9000,1.11,431,431,431
2026-04-15 07:45:04,9000,1.04,435,435,435
2026-04-15 08:00:04,9000,0.83,435,435,435
2026-04-15 08:15:04,9000,2.0,432,432,432
2026-04-15 08:30:03,9000,1.04,432,432,432
2026-04-15 08:45:22,9000,19.1,445,445,445
2026-04-15 09:00:03,9000,0.97,445,445,445
2026-04-15 09:15:04,9000,1.03,442,442,442
2026-04-15 09:30:04,9000,1.04,427,427,427
2026-04-15 09:45:04,9000,0.73,427,427,427
2026-04-15 10:00:03,9000,0.84,441,441,441
2026-04-15 10:15:04,9000,2.06,437,437,437
2026-04-15 10:30:03,9000,0.78,437,437,437
2026-04-15 10:45:03,9000,0.82,438,438,438
2026-04-15 11:00:04,9000,1.14,437,437,437
2026-04-15 11:15:05,9000,0.91,451,451,451
2026-04-15 11:30:06,9000,1.03,447,447,447
2026-04-15 11:45:11,9000,0.9,437,437,437
2026-04-15 12:00:04,9000,0.77,437,437,437
2026-04-15 12:15:03,9000,0.8,433,433,433
2026-04-15 12:30:03,9000,0.81,438,438,438
2026-04-15 12:45:05,9000,0.75,437,437,437
